dataset,config,CI_test,p_value,gs_features,gs_time,n_features,mlp_f1,mlp_time,lgbm_f1,lgbm_time
adult,0,PartialCorrelation,0.01,"['cat_0', 'num_0', 'num_2', 'cat_2', 'cat_1', 'num_5', 'num_3', 'cat_4', 'cat_5', 'cat_6', 'num_4', 'num_1', 'cat_3']",0.438040018081665,13,0.46611234726939144,20.939247131347656,0.8206124408296651,0.3306918144226074
adult,0,PartialCorrelation,0.05,"['cat_0', 'num_0', 'num_2', 'cat_2', 'cat_1', 'num_5', 'num_3', 'cat_4', 'cat_5', 'cat_6', 'num_4', 'cat_3', 'num_1']",0.4035370349884033,13,0.6413556219640515,6.029343843460083,0.8206124408296651,0.3263089656829834
adult,0,PartialCorrelation,0.1,"['cat_0', 'num_0', 'num_2', 'cat_2', 'cat_1', 'num_5', 'num_3', 'cat_4', 'cat_5', 'cat_6', 'num_4', 'cat_3', 'num_1']",0.4133510589599609,13,0.6413556219640515,5.635854244232178,0.8206124408296651,0.31627392768859863
adult,1,PartialCorrelation,0.01,"['cat_0', 'num_0', 'num_2', 'cat_2', 'cat_1', 'num_5', 'num_3', 'cat_4', 'cat_5', 'cat_6', 'num_4', 'num_1', 'cat_3']",0.4304478168487549,13,0.46611234726939144,20.2894549369812,0.8206124408296651,0.3748605251312256
adult,1,PartialCorrelation,0.05,"['cat_0', 'num_0', 'num_2', 'cat_2', 'cat_1', 'num_5', 'num_3', 'cat_4', 'cat_5', 'cat_6', 'num_4', 'cat_3', 'num_1']",0.4073419570922851,13,0.6413556219640515,5.661531448364258,0.8206124408296651,0.322998046875
adult,1,PartialCorrelation,0.1,"['cat_0', 'num_0', 'num_2', 'cat_2', 'cat_1', 'num_5', 'num_3', 'cat_4', 'cat_5', 'cat_6', 'num_4', 'cat_3', 'num_1']",0.4051995277404785,13,0.6413556219640515,5.641339302062988,0.8206124408296651,0.31975436210632324
adult,2,PartialCorrelation,0.01,"['cat_0', 'num_0', 'num_2', 'cat_2', 'cat_1', 'num_5', 'num_3', 'cat_4', 'cat_5', 'cat_6', 'num_4', 'num_1', 'cat_3']",0.4928607940673828,13,0.46611234726939144,20.06226348876953,0.8206124408296651,0.3181791305541992
adult,2,PartialCorrelation,0.05,"['cat_0', 'num_0', 'num_2', 'cat_2', 'cat_1', 'num_5', 'num_3', 'cat_4', 'cat_5', 'cat_6', 'num_4', 'cat_3', 'num_1']",0.4512741565704345,13,0.6413556219640515,5.6469573974609375,0.8206124408296651,0.3203589916229248
adult,2,PartialCorrelation,0.1,"['cat_0', 'num_0', 'num_2', 'cat_2', 'cat_1', 'num_5', 'num_3', 'cat_4', 'cat_5', 'cat_6', 'num_4', 'cat_3', 'num_1']",0.4876050949096679,13,0.6413556219640515,5.559999465942383,0.8206124408296651,0.30997180938720703
adult,3,PartialCorrelation,0.01,"['num_0', 'num_2', 'cat_2', 'cat_1', 'num_5', 'cat_4', 'cat_5', 'num_4', 'num_7', 'cat_0', 'num_3', 'cat_6', 'num_1', 'cat_3']",0.5654833316802979,14,0.5849427716979518,6.147439241409302,0.8210865081785818,0.3447608947753906
adult,3,PartialCorrelation,0.05,"['num_0', 'num_2', 'cat_2', 'cat_1', 'num_5', 'cat_4', 'cat_5', 'num_4', 'num_7', 'cat_3', 'cat_0', 'num_3', 'cat_6', 'num_1']",0.5311603546142578,14,0.6879957576433227,20.505724668502808,0.8210865081785818,0.428983211517334
adult,3,PartialCorrelation,0.1,"['num_0', 'num_2', 'cat_2', 'cat_1', 'num_5', 'cat_4', 'cat_5', 'num_4', 'num_7', 'cat_3', 'cat_0', 'num_3', 'cat_6', 'num_1']",0.5326671600341797,14,0.6879957576433227,20.664165258407593,0.8210865081785818,0.4289891719818115
aloi,0,PartialCorrelation,0.01,"['num_0', 'num_110', 'num_59', 'num_24', 'num_91', 'num_127', 'num_16', 'num_77', 'num_113', 'num_87', 'num_66', 'num_74', 'num_25', 'num_84', 'num_61', 'num_37', 'num_58', 'num_69', 'num_99', 'num_30', 'num_2', 'num_21', 'num_6', 'num_60', 'num_73', 'num_39', 'num_55', 'num_96', 'num_52', 'num_124', 'num_46', 'num_65', 'num_22', 'num_83', 'num_109', 'num_100', 'num_125', 'num_62', 'num_71', 'num_101', 'num_80', 'num_103', 'num_10', 'num_72', 'num_64', 'num_81', 'num_36', 'num_51', 'num_114', 'num_85', 'num_23', 'num_17', 'num_95', 'num_47', 'num_70', 'num_97', 'num_102', 'num_116', 'num_122', 'num_18', 'num_106', 'num_42', 'num_123', 'num_26', 'num_63', 'num_1', 'num_5', 'num_7', 'num_86', 'num_117', 'num_38', 'num_33', 'num_53', 'num_90', 'num_32', 'num_40', 'num_118', 'num_4']",310.8103666305542,78,0.9126079248006935,1318.3506898880005,0.14964940842692828,532.2042315006256
aloi,0,PartialCorrelation,0.05,"['num_0', 'num_119', 'num_110', 'num_59', 'num_24', 'num_91', 'num_127', 'num_16', 'num_44', 'num_77', 'num_113', 'num_87', 'num_66', 'num_74', 'num_25', 'num_84', 'num_61', 'num_37', 'num_58', 'num_69', 'num_99', 'num_30', 'num_2', 'num_21', 'num_6', 'num_60', 'num_73', 'num_39', 'num_75', 'num_55', 'num_96', 'num_52', 'num_124', 'num_46', 'num_65', 'num_22', 'num_83', 'num_109', 'num_100', 'num_125', 'num_62', 'num_71', 'num_90', 'num_101', 'num_80', 'num_103', 'num_10', 'num_72', 'num_64', 'num_81', 'num_36', 'num_34', 'num_51', 'num_120', 'num_114', 'num_85', 'num_23', 'num_17', 'num_57', 'num_94', 'num_95', 'num_47', 'num_70', 'num_97', 'num_102', 'num_116', 'num_122', 'num_18', 'num_106', 'num_42', 'num_123', 'num_26', 'num_63', 'num_1', 'num_5', 'num_7', 'num_86', 'num_117', 'num_38', 'num_33', 'num_53', 'num_32', 'num_40', 'num_118', 'num_4']",327.7657623291016,85,0.9139792574536284,1312.3522200584412,0.13619885246182445,524.7575273513794
aloi,0,PartialCorrelation,0.1,"['num_0', 'num_119', 'num_110', 'num_38', 'num_59', 'num_24', 'num_91', 'num_127', 'num_16', 'num_44', 'num_77', 'num_113', 'num_87', 'num_66', 'num_74', 'num_27', 'num_25', 'num_84', 'num_61', 'num_37', 'num_20', 'num_58', 'num_69', 'num_99', 'num_30', 'num_33', 'num_31', 'num_2', 'num_21', 'num_6', 'num_60', 'num_73', 'num_39', 'num_75', 'num_55', 'num_96', 'num_52', 'num_115', 'num_124', 'num_46', 'num_65', 'num_22', 'num_83', 'num_109', 'num_100', 'num_125', 'num_62', 'num_71', 'num_90', 'num_101', 'num_80', 'num_103', 'num_10', 'num_72', 'num_64', 'num_81', 'num_36', 'num_34', 'num_51', 'num_120', 'num_114', 'num_85', 'num_23', 'num_17', 'num_57', 'num_94', 'num_95', 'num_47', 'num_70', 'num_68', 'num_97', 'num_102', 'num_116', 'num_122', 'num_18', 'num_106', 'num_42', 'num_123', 'num_92', 'num_26', 'num_63', 'num_1', 'num_5', 'num_7', 'num_86', 'num_117', 'num_53', 'num_32', 'num_40', 'num_118', 'num_4']",322.1762948036194,91,0.9200683030954041,1340.7591965198517,0.13585105231125227,531.5668938159943
aloi,1,PartialCorrelation,0.01,"['num_0', 'num_110', 'num_59', 'num_24', 'num_91', 'num_127', 'num_16', 'num_137', 'num_44', 'num_77', 'num_87', 'num_66', 'num_74', 'num_27', 'num_25', 'num_84', 'num_61', 'num_37', 'num_131', 'num_58', 'num_69', 'num_99', 'num_30', 'num_2', 'num_21', 'num_6', 'num_60', 'num_73', 'num_129', 'num_55', 'num_96', 'num_52', 'num_124', 'num_46', 'num_65', 'num_22', 'num_83', 'num_109', 'num_100', 'num_125', 'num_62', 'num_71', 'num_101', 'num_80', 'num_103', 'num_10', 'num_72', 'num_64', 'num_81', 'num_36', 'num_120', 'num_114', 'num_85', 'num_23', 'num_17', 'num_94', 'num_95', 'num_47', 'num_70', 'num_97', 'num_116', 'num_122', 'num_18', 'num_138', 'num_106', 'num_133', 'num_42', 'num_123', 'num_26', 'num_63', 'num_5', 'num_7', 'num_136', 'num_86', 'num_117', 'num_38', 'num_53', 'num_90', 'num_32', 'num_40', 'num_135', 'num_118', 'num_132', 'num_4']",282.7350330352783,84,0.9093483756291556,1349.8946204185486,0.14497548763079857,528.2749683856964
aloi,1,PartialCorrelation,0.05,"['num_0', 'num_119', 'num_110', 'num_59', 'num_24', 'num_91', 'num_127', 'num_16', 'num_137', 'num_44', 'num_77', 'num_113', 'num_87', 'num_66', 'num_74', 'num_27', 'num_25', 'num_84', 'num_61', 'num_37', 'num_131', 'num_58', 'num_69', 'num_99', 'num_30', 'num_2', 'num_21', 'num_6', 'num_60', 'num_73', 'num_129', 'num_55', 'num_96', 'num_52', 'num_124', 'num_46', 'num_65', 'num_128', 'num_22', 'num_83', 'num_109', 'num_100', 'num_125', 'num_62', 'num_71', 'num_90', 'num_101', 'num_80', 'num_103', 'num_10', 'num_72', 'num_64', 'num_81', 'num_36', 'num_120', 'num_114', 'num_85', 'num_23', 'num_17', 'num_57', 'num_94', 'num_95', 'num_47', 'num_70', 'num_97', 'num_116', 'num_122', 'num_18', 'num_138', 'num_106', 'num_133', 'num_42', 'num_123', 'num_26', 'num_63', 'num_1', 'num_5', 'num_7', 'num_136', 'num_86', 'num_117', 'num_38', 'num_53', 'num_32', 'num_40', 'num_135', 'num_118', 'num_132', 'num_4']",294.6437289714813,89,0.9136487594009565,1381.2028851509094,0.14911141195325683,532.0157968997955
aloi,1,PartialCorrelation,0.1,"['num_0', 'num_119', 'num_110', 'num_38', 'num_59', 'num_24', 'num_91', 'num_127', 'num_16', 'num_137', 'num_44', 'num_77', 'num_113', 'num_87', 'num_66', 'num_74', 'num_27', 'num_25', 'num_84', 'num_61', 'num_37', 'num_131', 'num_58', 'num_69', 'num_99', 'num_30', 'num_31', 'num_2', 'num_21', 'num_6', 'num_60', 'num_73', 'num_129', 'num_39', 'num_75', 'num_55', 'num_96', 'num_52', 'num_124', 'num_46', 'num_65', 'num_128', 'num_22', 'num_83', 'num_109', 'num_100', 'num_125', 'num_62', 'num_71', 'num_48', 'num_90', 'num_101', 'num_80', 'num_78', 'num_103', 'num_10', 'num_72', 'num_64', 'num_81', 'num_36', 'num_34', 'num_51', 'num_120', 'num_114', 'num_85', 'num_23', 'num_17', 'num_57', 'num_76', 'num_94', 'num_95', 'num_47', 'num_70', 'num_97', 'num_116', 'num_122', 'num_18', 'num_138', 'num_106', 'num_133', 'num_42', 'num_123', 'num_26', 'num_63', 'num_1', 'num_5', 'num_132', 'num_7', 'num_136', 'num_86', 'num_117', 'num_134', 'num_53', 'num_32', 'num_40', 'num_135', 'num_118', 'num_4']",288.80348443984985,98,0.9183142297991469,1388.7649974822998,0.1291574600459045,544.5706701278687
aloi,2,PartialCorrelation,0.01,"['num_110', 'num_59', 'num_24', 'num_91', 'num_155', 'num_127', 'num_16', 'num_137', 'num_44', 'num_77', 'num_87', 'num_66', 'num_74', 'num_27', 'num_25', 'num_84', 'num_152', 'num_61', 'num_37', 'num_131', 'num_20', 'num_69', 'num_99', 'num_30', 'num_2', 'num_21', 'num_6', 'num_60', 'num_73', 'num_39', 'num_55', 'num_96', 'num_52', 'num_124', 'num_46', 'num_65', 'num_149', 'num_22', 'num_83', 'num_109', 'num_100', 'num_125', 'num_62', 'num_71', 'num_153', 'num_101', 'num_80', 'num_151', 'num_78', 'num_103', 'num_10', 'num_72', 'num_159', 'num_64', 'num_81', 'num_36', 'num_120', 'num_154', 'num_156', 'num_114', 'num_85', 'num_23', 'num_17', 'num_94', 'num_95', 'num_47', 'num_97', 'num_142', 'num_116', 'num_122', 'num_18', 'num_138', 'num_106', 'num_133', 'num_42', 'num_123', 'num_147', 'num_26', 'num_63', 'num_5', 'num_7', 'num_136', 'num_86', 'num_117', 'num_38', 'num_146', 'num_53', 'num_90', 'num_32', 'num_40', 'num_135', 'num_118', 'num_4']",391.4234848022461,93,0.900333910721661,1389.8011558055878,0.17648866862049747,532.2997980117798
aloi,2,PartialCorrelation,0.05,"['num_0', 'num_110', 'num_59', 'num_24', 'num_91', 'num_155', 'num_127', 'num_16', 'num_137', 'num_44', 'num_77', 'num_113', 'num_87', 'num_66', 'num_74', 'num_27', 'num_25', 'num_84', 'num_152', 'num_61', 'num_146', 'num_37', 'num_131', 'num_20', 'num_69', 'num_99', 'num_30', 'num_31', 'num_2', 'num_21', 'num_6', 'num_60', 'num_73', 'num_39', 'num_55', 'num_96', 'num_52', 'num_124', 'num_46', 'num_43', 'num_65', 'num_149', 'num_22', 'num_83', 'num_109', 'num_100', 'num_125', 'num_62', 'num_71', 'num_90', 'num_153', 'num_101', 'num_80', 'num_151', 'num_78', 'num_103', 'num_10', 'num_29', 'num_72', 'num_159', 'num_64', 'num_81', 'num_36', 'num_120', 'num_154', 'num_156', 'num_114', 'num_85', 'num_23', 'num_17', 'num_57', 'num_94', 'num_95', 'num_47', 'num_97', 'num_142', 'num_116', 'num_122', 'num_18', 'num_138', 'num_106', 'num_133', 'num_42', 'num_123', 'num_147', 'num_26', 'num_63', 'num_1', 'num_5', 'num_7', 'num_136', 'num_86', 'num_117', 'num_38', 'num_53', 'num_32', 'num_40', 'num_135', 'num_118', 'num_4']",396.9302742481232,100,0.9162876659096071,1403.5102531909943,0.1573766515587944,530.867636680603
aloi,2,PartialCorrelation,0.1,"['num_0', 'num_119', 'num_110', 'num_38', 'num_144', 'num_59', 'num_24', 'num_91', 'num_155', 'num_127', 'num_143', 'num_16', 'num_137', 'num_44', 'num_77', 'num_113', 'num_87', 'num_66', 'num_74', 'num_27', 'num_25', 'num_84', 'num_152', 'num_61', 'num_146', 'num_37', 'num_131', 'num_20', 'num_69', 'num_99', 'num_30', 'num_33', 'num_31', 'num_2', 'num_21', 'num_6', 'num_60', 'num_73', 'num_39', 'num_55', 'num_96', 'num_52', 'num_124', 'num_46', 'num_43', 'num_65', 'num_128', 'num_149', 'num_22', 'num_83', 'num_109', 'num_100', 'num_125', 'num_62', 'num_71', 'num_48', 'num_90', 'num_153', 'num_101', 'num_80', 'num_151', 'num_78', 'num_103', 'num_10', 'num_72', 'num_159', 'num_64', 'num_81', 'num_36', 'num_120', 'num_154', 'num_156', 'num_114', 'num_85', 'num_23', 'num_17', 'num_57', 'num_94', 'num_95', 'num_89', 'num_47', 'num_97', 'num_142', 'num_116', 'num_122', 'num_18', 'num_56', 'num_138', 'num_106', 'num_133', 'num_42', 'num_123', 'num_147', 'num_26', 'num_63', 'num_1', 'num_5', 'num_7', 'num_136', 'num_86', 'num_117', 'num_53', 'num_32', 'num_40', 'num_135', 'num_118', 'num_4']",409.3625149726868,107,0.9163866194569548,1390.0690026283264,0.14491118325447291,525.6691994667053
aloi,3,PartialCorrelation,0.01,"['num_0', 'num_110', 'num_59', 'num_24', 'num_91', 'num_155', 'num_127', 'num_16', 'num_137', 'num_175', 'num_44', 'num_77', 'num_113', 'num_87', 'num_66', 'num_74', 'num_27', 'num_25', 'num_84', 'num_152', 'num_61', 'num_37', 'num_131', 'num_20', 'num_180', 'num_69', 'num_99', 'num_30', 'num_31', 'num_2', 'num_21', 'num_6', 'num_60', 'num_73', 'num_39', 'num_55', 'num_96', 'num_181', 'num_52', 'num_124', 'num_46', 'num_65', 'num_149', 'num_22', 'num_83', 'num_109', 'num_100', 'num_125', 'num_62', 'num_71', 'num_153', 'num_101', 'num_161', 'num_80', 'num_151', 'num_166', 'num_78', 'num_103', 'num_10', 'num_29', 'num_72', 'num_159', 'num_64', 'num_81', 'num_36', 'num_120', 'num_154', 'num_156', 'num_114', 'num_164', 'num_85', 'num_19', 'num_23', 'num_174', 'num_17', 'num_57', 'num_165', 'num_94', 'num_95', 'num_47', 'num_68', 'num_97', 'num_142', 'num_116', 'num_163', 'num_122', 'num_18', 'num_138', 'num_106', 'num_133', 'num_42', 'num_123', 'num_147', 'num_26', 'num_63', 'num_5', 'num_7', 'num_136', 'num_86', 'num_117', 'num_38', 'num_146', 'num_104', 'num_90', 'num_32', 'num_40', 'num_135', 'num_118', 'num_132', 'num_4']",436.67275738716125,110,0.9122084126998233,1393.3534188270569,0.12977598078653085,574.9651012420654
aloi,3,PartialCorrelation,0.05,"['num_0', 'num_119', 'num_110', 'num_59', 'num_24', 'num_91', 'num_155', 'num_127', 'num_16', 'num_137', 'num_175', 'num_44', 'num_77', 'num_113', 'num_87', 'num_66', 'num_74', 'num_27', 'num_25', 'num_84', 'num_152', 'num_61', 'num_146', 'num_37', 'num_131', 'num_20', 'num_180', 'num_69', 'num_99', 'num_30', 'num_31', 'num_2', 'num_21', 'num_6', 'num_60', 'num_73', 'num_39', 'num_55', 'num_96', 'num_181', 'num_52', 'num_124', 'num_46', 'num_43', 'num_65', 'num_149', 'num_22', 'num_83', 'num_109', 'num_100', 'num_125', 'num_62', 'num_71', 'num_171', 'num_90', 'num_177', 'num_153', 'num_101', 'num_161', 'num_80', 'num_151', 'num_166', 'num_78', 'num_103', 'num_10', 'num_29', 'num_72', 'num_159', 'num_64', 'num_81', 'num_36', 'num_120', 'num_154', 'num_156', 'num_114', 'num_164', 'num_85', 'num_19', 'num_23', 'num_174', 'num_17', 'num_57', 'num_165', 'num_94', 'num_95', 'num_47', 'num_68', 'num_97', 'num_142', 'num_116', 'num_163', 'num_122', 'num_18', 'num_56', 'num_138', 'num_106', 'num_133', 'num_42', 'num_123', 'num_168', 'num_147', 'num_26', 'num_63', 'num_5', 'num_7', 'num_136', 'num_86', 'num_117', 'num_38', 'num_33', 'num_104', 'num_32', 'num_40', 'num_135', 'num_118', 'num_132', 'num_4']",449.9767301082611,117,0.9134895325472796,1561.014904975891,0.12522551085482722,571.3094177246094
aloi,3,PartialCorrelation,0.1,"['num_0', 'num_119', 'num_110', 'num_38', 'num_140', 'num_167', 'num_59', 'num_24', 'num_91', 'num_155', 'num_127', 'num_143', 'num_16', 'num_137', 'num_175', 'num_44', 'num_77', 'num_113', 'num_87', 'num_66', 'num_74', 'num_27', 'num_162', 'num_25', 'num_84', 'num_152', 'num_61', 'num_146', 'num_37', 'num_131', 'num_20', 'num_180', 'num_69', 'num_99', 'num_30', 'num_33', 'num_31', 'num_2', 'num_21', 'num_6', 'num_60', 'num_73', 'num_39', 'num_55', 'num_96', 'num_181', 'num_52', 'num_124', 'num_46', 'num_43', 'num_65', 'num_149', 'num_22', 'num_83', 'num_109', 'num_100', 'num_125', 'num_62', 'num_71', 'num_171', 'num_90', 'num_177', 'num_153', 'num_101', 'num_161', 'num_80', 'num_151', 'num_166', 'num_78', 'num_103', 'num_10', 'num_29', 'num_72', 'num_159', 'num_64', 'num_81', 'num_36', 'num_120', 'num_154', 'num_156', 'num_114', 'num_164', 'num_85', 'num_19', 'num_23', 'num_174', 'num_17', 'num_57', 'num_165', 'num_94', 'num_95', 'num_47', 'num_68', 'num_97', 'num_142', 'num_178', 'num_116', 'num_163', 'num_122', 'num_18', 'num_56', 'num_138', 'num_106', 'num_133', 'num_42', 'num_49', 'num_123', 'num_168', 'num_147', 'num_26', 'num_63', 'num_1', 'num_5', 'num_132', 'num_7', 'num_136', 'num_86', 'num_117', 'num_130', 'num_104', 'num_32', 'num_40', 'num_135', 'num_118', 'num_4']",442.2497346401215,125,0.9175878974310224,1532.6361572742462,0.14690847442927446,574.7152104377747
churn,0,PartialCorrelation,0.01,"['num_8', 'num_2', 'num_1', 'num_4']",0.0473678112030029,4,0.4460974143690537,0.7496509552001953,0.6508813306852035,0.1654047966003418
churn,0,PartialCorrelation,0.05,"['num_8', 'cat_0', 'num_2', 'num_1', 'num_4']",0.0416803359985351,5,0.44351697273233165,0.7109203338623047,0.6598494426561254,0.16130828857421875
churn,0,PartialCorrelation,0.1,"['num_8', 'cat_0', 'num_0', 'num_2', 'num_1', 'num_4']",0.0438168048858642,6,0.45768181684605913,0.7263948917388916,0.6739343809577679,0.16341614723205566
churn,1,PartialCorrelation,0.01,"['num_8', 'cat_0', 'num_2', 'num_1', 'num_5', 'num_10', 'num_4']",0.0517768859863281,7,0.5211062445750317,0.9675538539886475,0.7306272783887066,0.18104863166809082
churn,1,PartialCorrelation,0.05,"['num_8', 'cat_0', 'num_2', 'num_1', 'num_5', 'num_10', 'num_4']",0.0489599704742431,7,0.5211062445750317,1.0941545963287354,0.7306272783887066,0.17792129516601562
churn,1,PartialCorrelation,0.1,"['num_8', 'cat_0', 'num_0', 'num_2', 'num_1', 'num_5', 'num_10', 'num_4']",0.0542504787445068,8,0.5127226123408004,0.7642078399658203,0.7390428652743115,0.26244688034057617
churn,2,PartialCorrelation,0.01,"['num_8', 'cat_0', 'num_2', 'num_1', 'num_5', 'num_10', 'num_4']",0.0598509311676025,7,0.5211062445750317,1.2709479331970215,0.7306272783887066,0.2492983341217041
churn,2,PartialCorrelation,0.05,"['num_8', 'cat_0', 'num_2', 'num_1', 'num_5', 'num_10', 'num_4']",0.0524966716766357,7,0.5211062445750317,1.3666822910308838,0.7306272783887066,0.2431201934814453
churn,2,PartialCorrelation,0.1,"['num_8', 'cat_0', 'num_0', 'num_2', 'num_1', 'num_5', 'num_10', 'num_4']",0.0528857707977294,8,0.5127226123408004,0.8717451095581055,0.7390428652743115,0.2641267776489258
churn,3,PartialCorrelation,0.01,"['num_8', 'num_4', 'cat_0', 'num_2', 'num_1', 'num_5', 'num_10']",0.0642445087432861,7,0.4874386417517276,1.2523329257965088,0.7306272783887066,0.24610280990600586
churn,3,PartialCorrelation,0.05,"['num_8', 'num_4', 'cat_0', 'num_2', 'num_1', 'num_5', 'num_10']",0.0627501010894775,7,0.4874386417517276,1.2408239841461182,0.7306272783887066,0.24874305725097656
churn,3,PartialCorrelation,0.1,"['num_8', 'num_4', 'cat_0', 'num_0', 'num_2', 'num_1', 'num_5', 'num_10']",0.0656409263610839,8,0.6280084814066239,1.7061388492584229,0.7390428652743115,0.22348618507385254
eye,0,PartialCorrelation,0.01,"['num_10', 'num_4', 'num_22', 'num_19', 'num_25', 'num_24', 'num_17', 'num_18', 'num_20', 'num_16']",0.2172656059265136,10,0.41748684410548004,1.419631004333496,0.6069260439631275,0.8705666065216064
eye,0,PartialCorrelation,0.05,"['num_14', 'num_6', 'num_10', 'num_4', 'num_22', 'num_19', 'num_25', 'num_24', 'num_17', 'num_18', 'num_3', 'num_20', 'num_16', 'num_23', 'num_13', 'num_12']",0.3166923522949219,16,0.45235421306244544,5.019429922103882,0.68415630387564,1.0396535396575928
eye,0,PartialCorrelation,0.1,"['num_14', 'num_9', 'num_21', 'num_6', 'num_10', 'num_4', 'num_22', 'num_19', 'num_25', 'num_15', 'num_24', 'num_17', 'num_18', 'num_3', 'num_20', 'num_16', 'num_23', 'num_13', 'num_12']",0.311863899230957,19,0.32875794985141293,6.186447858810425,0.6984172578276592,1.010911464691162
eye,1,PartialCorrelation,0.01,"['num_9', 'num_26', 'num_10', 'num_4', 'num_22', 'num_19', 'num_25', 'num_24', 'num_17', 'num_18', 'num_20', 'num_16', 'num_13', 'num_12']",0.2945659160614013,14,0.4397267802189056,8.371257066726685,0.589966649943776,0.9805238246917725
eye,1,PartialCorrelation,0.05,"['num_14', 'num_26', 'num_6', 'num_10', 'num_4', 'num_22', 'num_19', 'num_25', 'num_24', 'num_17', 'num_18', 'num_3', 'num_20', 'num_16', 'num_23', 'num_13', 'num_12']",0.3585283756256103,17,0.4241189247741269,5.936049461364746,0.6883844630834952,0.9675617218017578
eye,1,PartialCorrelation,0.1,"['num_14', 'num_26', 'num_21', 'num_6', 'num_10', 'num_4', 'num_22', 'num_19', 'num_25', 'num_24', 'num_17', 'num_18', 'num_3', 'num_20', 'num_16', 'num_23', 'num_13', 'num_12']",0.3708260059356689,18,0.44496221064526226,3.348921060562134,0.6937034421800669,1.0162510871887207
eye,2,PartialCorrelation,0.01,"['num_9', 'num_10', 'num_24', 'num_18', 'num_16', 'num_26', 'num_4', 'num_22', 'num_19', 'num_25', 'num_17', 'num_20', 'num_13', 'num_12']",0.3929135799407959,14,0.4320158031135109,3.8287787437438965,0.5903658143357132,0.9358162879943848
eye,2,PartialCorrelation,0.05,"['num_6', 'num_10', 'num_29', 'num_24', 'num_18', 'num_16', 'num_14', 'num_26', 'num_4', 'num_22', 'num_19', 'num_25', 'num_17', 'num_20', 'num_13', 'num_23', 'num_12']",0.4914388656616211,17,0.43776814802874114,3.1346590518951416,0.6921478546920508,0.9997243881225586
eye,2,PartialCorrelation,0.1,"['num_6', 'num_10', 'num_29', 'num_24', 'num_18', 'num_16', 'num_14', 'num_26', 'num_4', 'num_22', 'num_19', 'num_25', 'num_17', 'num_20', 'num_13', 'num_23', 'num_12']",0.4968359470367431,17,0.43776814802874114,3.13849139213562,0.6921478546920508,0.9819159507751465
eye,3,PartialCorrelation,0.01,"['num_9', 'num_10', 'num_24', 'num_18', 'num_16', 'num_36', 'num_26', 'num_4', 'num_22', 'num_19', 'num_25', 'num_17', 'num_20', 'num_13', 'num_12']",0.5205225944519043,15,0.4535591242311831,4.576151371002197,0.595952983675435,0.992992639541626
eye,3,PartialCorrelation,0.05,"['num_10', 'num_29', 'num_24', 'num_18', 'num_16', 'num_36', 'num_14', 'num_26', 'num_4', 'num_22', 'num_19', 'num_25', 'num_17', 'num_20', 'num_13', 'num_23', 'num_12']",0.6366374492645264,17,0.42691953635806784,4.479250907897949,0.687351944027006,0.9847466945648193
eye,3,PartialCorrelation,0.1,"['num_6', 'num_10', 'num_29', 'num_24', 'num_18', 'num_16', 'num_36', 'num_14', 'num_26', 'num_4', 'num_22', 'num_19', 'num_25', 'num_17', 'num_20', 'num_13', 'num_23', 'num_12']",0.6429669857025146,18,0.44957736587457947,8.053433418273926,0.6888514928777557,1.0252251625061035
gesture,0,PartialCorrelation,0.01,"['num_31', 'num_24', 'num_27', 'num_25']",0.1878201961517334,4,0.240772835226908,6.133097171783447,0.3567687352461173,0.7488994598388672
gesture,0,PartialCorrelation,0.05,"['num_31', 'num_24', 'num_28', 'num_27', 'num_25', 'num_3']",0.2609717845916748,6,0.24424823413102784,5.781585693359375,0.3912240642294399,0.7791674137115479
gesture,0,PartialCorrelation,0.1,"['num_31', 'num_24', 'num_28', 'num_27', 'num_25', 'num_3', 'num_19', 'num_17']",0.3116405010223388,8,0.24022426264160918,5.906332492828369,0.4396591197272478,0.868537425994873
gesture,1,PartialCorrelation,0.01,"['num_31', 'num_24', 'num_27', 'num_25']",0.2212014198303222,4,0.240772835226908,5.824344873428345,0.3567687352461173,0.7415657043457031
gesture,1,PartialCorrelation,0.05,"['num_31', 'num_24', 'num_28', 'num_27', 'num_25', 'num_3']",0.3008437156677246,6,0.24424823413102784,5.762404918670654,0.3912240642294399,0.7809081077575684
gesture,1,PartialCorrelation,0.1,"['num_31', 'num_24', 'num_28', 'num_27', 'num_25', 'num_3', 'num_19', 'num_17']",0.3555936813354492,8,0.24022426264160918,5.957631587982178,0.4396591197272478,0.8847143650054932
gesture,2,PartialCorrelation,0.01,"['num_31', 'num_24', 'num_36', 'num_27', 'num_25', 'num_38']",0.3278188705444336,6,0.2407300488319688,5.843297004699707,0.41860079786082,0.7668001651763916
gesture,2,PartialCorrelation,0.05,"['num_31', 'num_35', 'num_24', 'num_28', 'num_36', 'num_27', 'num_25', 'num_38', 'num_8', 'num_19']",0.4371020793914795,10,0.2580605799696725,6.054156064987183,0.4982420173050247,0.9248864650726318
gesture,2,PartialCorrelation,0.1,"['num_31', 'num_35', 'num_24', 'num_28', 'num_36', 'num_27', 'num_25', 'num_37', 'num_38', 'num_19', 'num_17']",0.4750950336456299,11,0.2653597741970885,6.128521919250488,0.5036566691273452,0.940035343170166
gesture,3,PartialCorrelation,0.01,"['num_31', 'num_24', 'num_36', 'num_27', 'num_25', 'num_38']",0.4317212104797363,6,0.2407300488319688,5.91807222366333,0.41860079786082,0.8102817535400391
gesture,3,PartialCorrelation,0.05,"['num_31', 'num_35', 'num_24', 'num_36', 'num_27', 'num_25', 'num_38', 'num_44', 'num_19']",0.5732259750366211,9,0.24055643053276493,6.18245267868042,0.4947079122254815,0.9100627899169922
gesture,3,PartialCorrelation,0.1,"['num_31', 'num_35', 'num_24', 'num_28', 'num_36', 'num_27', 'num_25', 'num_37', 'num_38', 'num_44', 'num_19', 'num_17']",0.5835456848144531,12,0.24027136796888798,6.1878485679626465,0.5253814961896842,0.9594073295593262
helena,0,PartialCorrelation,0.01,"['num_0', 'num_9', 'num_26', 'num_11', 'num_1', 'num_5', 'num_6', 'num_10', 'num_4', 'num_22', 'num_19', 'num_25', 'num_23', 'num_13', 'num_20', 'num_12', 'num_8', 'num_18']",1.847354888916016,18,0.18568657577283468,268.85049200057983,0.02638395888558184,36.190654277801514
helena,0,PartialCorrelation,0.05,"['num_0', 'num_9', 'num_26', 'num_11', 'num_1', 'num_5', 'num_6', 'num_10', 'num_4', 'num_22', 'num_19', 'num_25', 'num_23', 'num_13', 'num_20', 'num_12', 'num_8', 'num_18']",1.853644132614136,18,0.18568657577283468,268.01228284835815,0.02638395888558184,36.190324544906616
helena,0,PartialCorrelation,0.1,"['num_0', 'num_9', 'num_26', 'num_11', 'num_1', 'num_5', 'num_6', 'num_10', 'num_4', 'num_22', 'num_19', 'num_25', 'num_23', 'num_17', 'num_13', 'num_20', 'num_12', 'num_8', 'num_18']",1.843275547027588,19,0.18922369554950003,272.5357987880707,0.02127949883828946,36.230804681777954
helena,1,PartialCorrelation,0.01,"['num_0', 'num_9', 'num_26', 'num_11', 'num_1', 'num_5', 'num_6', 'num_10', 'num_4', 'num_27', 'num_22', 'num_19', 'num_25', 'num_23', 'num_28', 'num_13', 'num_20', 'num_8', 'num_18']",2.481329679489136,19,0.13095501733558007,200.37889885902405,0.01767569899206422,36.933690786361694
helena,1,PartialCorrelation,0.05,"['num_0', 'num_9', 'num_26', 'num_11', 'num_21', 'num_1', 'num_5', 'num_6', 'num_10', 'num_4', 'num_27', 'num_22', 'num_19', 'num_25', 'num_23', 'num_28', 'num_13', 'num_20', 'num_8', 'num_18']",2.479248523712158,20,0.12542775783684576,212.99880266189575,0.025439973929801192,35.545371532440186
helena,1,PartialCorrelation,0.1,"['num_0', 'num_9', 'num_26', 'num_11', 'num_21', 'num_1', 'num_5', 'num_6', 'num_10', 'num_4', 'num_27', 'num_22', 'num_19', 'num_25', 'num_23', 'num_28', 'num_17', 'num_13', 'num_20', 'num_8', 'num_18']",2.482643842697144,21,0.1323857423599076,146.7507734298706,0.023479306526631064,35.10936975479126
helena,2,PartialCorrelation,0.01,"['num_0', 'num_9', 'num_6', 'num_10', 'num_28', 'num_13', 'num_26', 'num_11', 'num_1', 'num_5', 'num_4', 'num_27', 'num_22', 'num_19', 'num_25', 'num_23', 'num_20', 'num_18', 'num_8']",3.210209846496582,19,0.13325513077734036,137.54439663887024,0.02321771872524103,34.59475803375244
helena,2,PartialCorrelation,0.05,"['num_0', 'num_9', 'num_6', 'num_10', 'num_28', 'num_13', 'num_26', 'num_11', 'num_1', 'num_5', 'num_4', 'num_27', 'num_22', 'num_19', 'num_25', 'num_23', 'num_20', 'num_18', 'num_8']",3.2209064960479736,19,0.13325513077734036,144.009624004364,0.02321771872524103,34.37727165222168
helena,2,PartialCorrelation,0.1,"['num_0', 'num_9', 'num_6', 'num_10', 'num_28', 'num_13', 'num_26', 'num_11', 'num_1', 'num_5', 'num_4', 'num_27', 'num_22', 'num_19', 'num_25', 'num_23', 'num_20', 'num_18', 'num_8']",3.2206199169158936,19,0.13325513077734036,139.10603666305542,0.02321771872524103,34.719823598861694
helena,3,PartialCorrelation,0.01,"['num_0', 'num_9', 'num_2', 'num_35', 'num_6', 'num_10', 'num_28', 'num_13', 'num_34', 'num_26', 'num_11', 'num_1', 'num_5', 'num_4', 'num_27', 'num_22', 'num_19', 'num_25', 'num_20', 'num_18']",4.497205972671509,20,0.12365932941218993,110.1183111667633,0.025544301377551825,36.017752170562744
helena,3,PartialCorrelation,0.05,"['num_0', 'num_9', 'num_35', 'num_6', 'num_10', 'num_28', 'num_13', 'num_34', 'num_26', 'num_11', 'num_1', 'num_5', 'num_4', 'num_27', 'num_22', 'num_19', 'num_25', 'num_20', 'num_18', 'num_8']",4.810961246490479,20,0.12132755238258537,136.32653760910034,0.008800284984599296,34.171382427215576
helena,3,PartialCorrelation,0.1,"['num_0', 'num_9', 'num_35', 'num_6', 'num_10', 'num_24', 'num_28', 'num_13', 'num_34', 'num_26', 'num_11', 'num_1', 'num_5', 'num_4', 'num_27', 'num_22', 'num_19', 'num_25', 'num_20', 'num_18', 'num_8']",4.816281318664551,21,0.13210752988854055,133.47461867332458,0.002011566529684805,36.2222158908844
higgs-small,0,PartialCorrelation,0.01,"['num_0', 'num_9', 'num_26', 'num_21', 'num_5', 'num_27', 'num_22', 'num_25', 'num_23', 'num_24', 'num_17', 'num_3', 'num_13', 'num_20', 'num_16', 'num_12']",1.6143479347229004,16,0.7130981408798507,118.29853320121765,0.7205167118613027,0.715181827545166
higgs-small,0,PartialCorrelation,0.05,"['num_0', 'num_9', 'num_26', 'num_21', 'num_5', 'num_27', 'num_22', 'num_25', 'num_23', 'num_24', 'num_17', 'num_3', 'num_13', 'num_20', 'num_16', 'num_12']",1.608912706375122,16,0.7130981408798507,118.46085166931152,0.7205167118613027,0.6807184219360352
higgs-small,0,PartialCorrelation,0.1,"['num_0', 'num_9', 'num_26', 'num_21', 'num_5', 'num_27', 'num_22', 'num_25', 'num_23', 'num_24', 'num_17', 'num_3', 'num_13', 'num_20', 'num_16', 'num_12', 'num_10']",1.7626492977142334,17,0.7097184089353974,102.52341938018799,0.7227094055829154,0.7174019813537598
higgs-small,1,PartialCorrelation,0.01,"['num_0', 'num_9', 'num_26', 'num_21', 'num_5', 'num_27', 'num_22', 'num_25', 'num_23', 'num_24', 'num_28', 'num_17', 'num_3', 'num_13', 'num_20', 'num_16', 'num_12']",2.076850414276123,17,0.7129557527164997,118.9922297000885,0.7226388718116596,0.7019848823547363
higgs-small,1,PartialCorrelation,0.05,"['num_30', 'num_0', 'num_9', 'num_26', 'num_21', 'num_5', 'num_27', 'num_22', 'num_25', 'num_23', 'num_24', 'num_28', 'num_17', 'num_3', 'num_13', 'num_20', 'num_16', 'num_12']",2.0720407962799072,18,0.7059708339038752,126.92212629318237,0.7237754508075622,0.6989927291870117
higgs-small,1,PartialCorrelation,0.1,"['num_30', 'num_0', 'num_9', 'num_26', 'num_21', 'num_5', 'num_27', 'num_22', 'num_25', 'num_23', 'num_24', 'num_28', 'num_17', 'num_3', 'num_13', 'num_20', 'num_16', 'num_12', 'num_10']",2.2502925395965576,19,0.7050885786981881,118.47972559928894,0.7226598233613939,0.75697922706604
higgs-small,2,PartialCorrelation,0.01,"['num_0', 'num_9', 'num_21', 'num_24', 'num_28', 'num_3', 'num_13', 'num_16', 'num_26', 'num_5', 'num_32', 'num_27', 'num_22', 'num_25', 'num_23', 'num_17', 'num_20', 'num_12']",2.962449550628662,18,0.7130603524506907,108.24892497062683,0.7226388718116596,0.7153153419494629
higgs-small,2,PartialCorrelation,0.05,"['num_30', 'num_0', 'num_9', 'num_21', 'num_24', 'num_28', 'num_3', 'num_13', 'num_16', 'num_26', 'num_5', 'num_32', 'num_27', 'num_22', 'num_25', 'num_23', 'num_17', 'num_20', 'num_12']",2.902637243270874,19,0.7038520413783383,113.58708310127258,0.7237754508075622,0.7516024112701416
higgs-small,2,PartialCorrelation,0.1,"['num_30', 'num_0', 'num_9', 'num_21', 'num_24', 'num_28', 'num_3', 'num_13', 'num_16', 'num_26', 'num_5', 'num_32', 'num_27', 'num_22', 'num_25', 'num_23', 'num_17', 'num_20', 'num_12', 'num_10']",3.1227526664733887,20,0.7120415693236839,118.1788637638092,0.7226598233613939,0.7912797927856445
higgs-small,3,PartialCorrelation,0.01,"['num_0', 'num_9', 'num_21', 'num_24', 'num_28', 'num_3', 'num_13', 'num_16', 'num_26', 'num_5', 'num_32', 'num_27', 'num_22', 'num_25', 'num_23', 'num_17', 'num_20', 'num_12']",3.301645040512085,18,0.7130603524506907,107.84268736839294,0.7226388718116596,0.7049376964569092
higgs-small,3,PartialCorrelation,0.05,"['num_30', 'num_0', 'num_9', 'num_21', 'num_24', 'num_28', 'num_3', 'num_13', 'num_16', 'num_26', 'num_5', 'num_32', 'num_27', 'num_22', 'num_25', 'num_23', 'num_17', 'num_20', 'num_12']",3.2382538318634038,19,0.7038520413783383,113.3814127445221,0.7237754508075622,0.7275216579437256
higgs-small,3,PartialCorrelation,0.1,"['num_30', 'num_0', 'num_9', 'num_21', 'num_24', 'num_28', 'num_3', 'num_13', 'num_16', 'num_26', 'num_5', 'num_32', 'num_27', 'num_22', 'num_25', 'num_23', 'num_17', 'num_20', 'num_12', 'num_10']",3.443481683731079,20,0.7120415693236839,119.38721132278442,0.7226598233613939,0.7645282745361328
jannis,0,PartialCorrelation,0.01,"['num_9', 'num_2', 'num_21', 'num_6', 'num_10', 'num_24', 'num_13', 'num_16', 'num_14', 'num_26', 'num_11', 'num_1', 'num_4', 'num_7', 'num_22', 'num_19', 'num_25', 'num_23', 'num_15', 'num_20', 'num_8']",4.788358688354492,21,0.48671113251693604,15.179559707641602,0.57771335717331,2.6097512245178223
jannis,0,PartialCorrelation,0.05,"['num_9', 'num_2', 'num_21', 'num_6', 'num_10', 'num_24', 'num_13', 'num_16', 'num_14', 'num_26', 'num_11', 'num_1', 'num_5', 'num_4', 'num_7', 'num_22', 'num_19', 'num_25', 'num_23', 'num_15', 'num_20', 'num_8', 'num_51']",5.217101812362671,23,0.5212293060143474,45.72284746170044,0.5671606391637147,2.513461112976074
jannis,0,PartialCorrelation,0.1,"['num_9', 'num_2', 'num_21', 'num_6', 'num_10', 'num_29', 'num_24', 'num_13', 'num_16', 'num_14', 'num_26', 'num_11', 'num_1', 'num_5', 'num_4', 'num_7', 'num_22', 'num_19', 'num_25', 'num_23', 'num_15', 'num_20', 'num_33', 'num_8', 'num_51']",5.736200571060181,25,0.5204071075630343,90.3899450302124,0.5661062960398477,2.601172924041748
jannis,1,PartialCorrelation,0.01,"['num_9', 'num_2', 'num_21', 'num_6', 'num_10', 'num_59', 'num_24', 'num_13', 'num_16', 'num_14', 'num_26', 'num_11', 'num_1', 'num_4', 'num_22', 'num_19', 'num_25', 'num_23', 'num_15', 'num_20', 'num_54', 'num_3', 'num_8']",6.700672626495361,23,0.5262350132457816,90.40411615371704,0.5728450337456914,2.527716875076294
jannis,1,PartialCorrelation,0.05,"['num_9', 'num_2', 'num_21', 'num_6', 'num_10', 'num_59', 'num_24', 'num_54', 'num_13', 'num_16', 'num_14', 'num_26', 'num_11', 'num_1', 'num_5', 'num_4', 'num_22', 'num_19', 'num_25', 'num_23', 'num_15', 'num_20', 'num_3', 'num_8', 'num_51']",7.485125064849853,25,0.5120360160946331,90.305180311203,0.5674282001167212,2.6895663738250732
jannis,1,PartialCorrelation,0.1,"['num_9', 'num_2', 'num_21', 'num_6', 'num_10', 'num_29', 'num_59', 'num_24', 'num_54', 'num_13', 'num_16', 'num_14', 'num_26', 'num_11', 'num_1', 'num_5', 'num_4', 'num_22', 'num_19', 'num_25', 'num_23', 'num_15', 'num_20', 'num_3', 'num_8', 'num_51']",7.9251885414123535,26,0.515143121364273,91.33265781402588,0.5697034009153109,2.8138246536254883
jannis,2,PartialCorrelation,0.01,"['num_0', 'num_10', 'num_59', 'num_24', 'num_13', 'num_16', 'num_11', 'num_66', 'num_19', 'num_25', 'num_23', 'num_15', 'num_17', 'num_20', 'num_2', 'num_21', 'num_6', 'num_18', 'num_14', 'num_26', 'num_1', 'num_5', 'num_4', 'num_22', 'num_62', 'num_12', 'num_3', 'num_54', 'num_8', 'num_63']",9.475011825561523,30,0.4893958038460825,21.347848892211914,0.5761114909873659,3.013254404067993
jannis,2,PartialCorrelation,0.05,"['num_0', 'num_10', 'num_59', 'num_24', 'num_13', 'num_16', 'num_11', 'num_66', 'num_19', 'num_25', 'num_23', 'num_15', 'num_17', 'num_20', 'num_2', 'num_21', 'num_6', 'num_18', 'num_54', 'num_14', 'num_26', 'num_1', 'num_5', 'num_4', 'num_22', 'num_62', 'num_12', 'num_3', 'num_51', 'num_8', 'num_63']",10.981789827346802,31,0.5084556618573775,91.3460464477539,0.5795931148566278,3.016955614089966
jannis,2,PartialCorrelation,0.1,"['num_0', 'num_9', 'num_10', 'num_29', 'num_59', 'num_24', 'num_13', 'num_16', 'num_11', 'num_66', 'num_19', 'num_25', 'num_23', 'num_15', 'num_17', 'num_20', 'num_2', 'num_21', 'num_6', 'num_18', 'num_54', 'num_14', 'num_26', 'num_1', 'num_5', 'num_4', 'num_22', 'num_62', 'num_12', 'num_3', 'num_51', 'num_8', 'num_63']",11.497646808624268,33,0.5118067358816146,90.7550437450409,0.578200704893026,3.3307700157165527
jannis,3,PartialCorrelation,0.01,"['num_0', 'num_10', 'num_59', 'num_24', 'num_13', 'num_16', 'num_11', 'num_66', 'num_25', 'num_19', 'num_15', 'num_17', 'num_76', 'num_20', 'num_2', 'num_21', 'num_6', 'num_18', 'num_14', 'num_26', 'num_1', 'num_5', 'num_4', 'num_22', 'num_62', 'num_54', 'num_8', 'num_63']",16.683324813842773,28,0.5086086593612641,89.98909544944763,0.5691101942547394,2.879101276397705
jannis,3,PartialCorrelation,0.05,"['num_0', 'num_9', 'num_10', 'num_59', 'num_24', 'num_13', 'num_16', 'num_11', 'num_66', 'num_25', 'num_19', 'num_23', 'num_15', 'num_17', 'num_76', 'num_20', 'num_70', 'num_2', 'num_21', 'num_6', 'num_18', 'num_54', 'num_14', 'num_26', 'num_1', 'num_5', 'num_4', 'num_22', 'num_62', 'num_51', 'num_8', 'num_63']",18.882488250732425,32,0.5006753676984945,65.15555310249329,0.572795352174655,3.1280996799468994
jannis,3,PartialCorrelation,0.1,"['num_0', 'num_9', 'num_10', 'num_29', 'num_59', 'num_24', 'num_13', 'num_16', 'num_11', 'num_66', 'num_25', 'num_19', 'num_23', 'num_15', 'num_17', 'num_76', 'num_20', 'num_2', 'num_21', 'num_6', 'num_18', 'num_54', 'num_14', 'num_26', 'num_1', 'num_5', 'num_4', 'num_22', 'num_62', 'num_3', 'num_51', 'num_8', 'num_63']",20.37067198753357,33,0.46632987313414515,21.4826238155365,0.5715744118153752,3.235743522644043
otto,0,PartialCorrelation,0.01,"['num_80', 'num_0', 'num_9', 'num_35', 'num_78', 'num_38', 'num_10', 'num_41', 'num_72', 'num_59', 'num_24', 'num_28', 'num_91', 'num_13', 'num_16', 'num_36', 'num_34', 'num_87', 'num_66', 'num_74', 'num_32', 'num_27', 'num_85', 'num_25', 'num_84', 'num_19', 'num_23', 'num_57', 'num_61', 'num_37', 'num_76', 'num_40', 'num_58', 'num_89', 'num_47', 'num_70', 'num_68', 'num_21', 'num_73', 'num_39', 'num_55', 'num_18', 'num_54', 'num_56', 'num_52', 'num_82', 'num_46', 'num_8', 'num_42', 'num_49', 'num_14', 'num_63', 'num_5', 'num_67', 'num_4', 'num_7', 'num_22', 'num_62', 'num_71', 'num_86', 'num_90', 'num_12', 'num_15', 'num_83']",63.79739284515381,64,0.7134801342537741,107.28632307052612,0.7536791616852695,4.8900134563446045
otto,0,PartialCorrelation,0.05,"['num_80', 'num_0', 'num_9', 'num_35', 'num_78', 'num_38', 'num_10', 'num_41', 'num_72', 'num_59', 'num_24', 'num_28', 'num_91', 'num_13', 'num_16', 'num_36', 'num_34', 'num_77', 'num_11', 'num_87', 'num_66', 'num_74', 'num_32', 'num_27', 'num_85', 'num_25', 'num_84', 'num_19', 'num_23', 'num_57', 'num_61', 'num_37', 'num_76', 'num_40', 'num_58', 'num_89', 'num_69', 'num_47', 'num_70', 'num_68', 'num_21', 'num_6', 'num_73', 'num_39', 'num_75', 'num_55', 'num_18', 'num_54', 'num_56', 'num_52', 'num_82', 'num_46', 'num_8', 'num_42', 'num_49', 'num_14', 'num_63', 'num_5', 'num_65', 'num_67', 'num_4', 'num_7', 'num_22', 'num_62', 'num_71', 'num_86', 'num_90', 'num_12', 'num_15', 'num_83']",64.64611387252808,70,0.720092705349464,110.5818555355072,0.7548820633597626,4.9105730056762695
otto,0,PartialCorrelation,0.1,"['num_80', 'num_0', 'num_9', 'num_35', 'num_78', 'num_38', 'num_10', 'num_41', 'num_72', 'num_59', 'num_24', 'num_28', 'num_91', 'num_3', 'num_13', 'num_16', 'num_36', 'num_34', 'num_77', 'num_11', 'num_87', 'num_66', 'num_74', 'num_32', 'num_27', 'num_85', 'num_25', 'num_84', 'num_19', 'num_23', 'num_57', 'num_61', 'num_37', 'num_76', 'num_40', 'num_58', 'num_89', 'num_69', 'num_47', 'num_70', 'num_50', 'num_68', 'num_21', 'num_6', 'num_73', 'num_39', 'num_75', 'num_55', 'num_18', 'num_54', 'num_56', 'num_52', 'num_82', 'num_46', 'num_8', 'num_42', 'num_49', 'num_14', 'num_63', 'num_43', 'num_5', 'num_65', 'num_67', 'num_4', 'num_7', 'num_22', 'num_62', 'num_71', 'num_86', 'num_90', 'num_12', 'num_15', 'num_83']",63.69176483154297,73,0.7190581939762207,110.53309202194214,0.7601436404973477,4.94911003112793
otto,1,PartialCorrelation,0.01,"['num_101', 'num_80', 'num_0', 'num_9', 'num_35', 'num_78', 'num_38', 'num_10', 'num_41', 'num_72', 'num_59', 'num_24', 'num_28', 'num_91', 'num_13', 'num_16', 'num_36', 'num_34', 'num_87', 'num_66', 'num_74', 'num_32', 'num_27', 'num_85', 'num_25', 'num_84', 'num_19', 'num_23', 'num_57', 'num_61', 'num_37', 'num_76', 'num_98', 'num_58', 'num_40', 'num_89', 'num_69', 'num_47', 'num_70', 'num_68', 'num_21', 'num_97', 'num_73', 'num_39', 'num_55', 'num_18', 'num_96', 'num_54', 'num_56', 'num_52', 'num_82', 'num_46', 'num_8', 'num_42', 'num_49', 'num_14', 'num_63', 'num_5', 'num_67', 'num_4', 'num_7', 'num_22', 'num_100', 'num_62', 'num_71', 'num_86', 'num_90', 'num_12', 'num_15', 'num_94']",88.77726197242737,70,0.7117945448730398,108.83018445968628,0.7562374621861042,4.867276668548584
otto,1,PartialCorrelation,0.05,"['num_101', 'num_80', 'num_0', 'num_9', 'num_35', 'num_78', 'num_38', 'num_10', 'num_41', 'num_72', 'num_59', 'num_24', 'num_28', 'num_91', 'num_13', 'num_16', 'num_36', 'num_34', 'num_77', 'num_11', 'num_87', 'num_66', 'num_74', 'num_32', 'num_27', 'num_85', 'num_25', 'num_84', 'num_19', 'num_23', 'num_57', 'num_61', 'num_37', 'num_76', 'num_98', 'num_58', 'num_40', 'num_89', 'num_69', 'num_47', 'num_70', 'num_68', 'num_21', 'num_97', 'num_73', 'num_39', 'num_75', 'num_55', 'num_18', 'num_96', 'num_54', 'num_56', 'num_52', 'num_82', 'num_46', 'num_93', 'num_8', 'num_42', 'num_49', 'num_14', 'num_63', 'num_5', 'num_65', 'num_67', 'num_4', 'num_7', 'num_22', 'num_100', 'num_62', 'num_71', 'num_86', 'num_90', 'num_12', 'num_15', 'num_94', 'num_99']",88.7035698890686,76,0.716653054067881,110.45157432556152,0.7575206167205379,4.959853887557983
otto,1,PartialCorrelation,0.1,"['num_101', 'num_80', 'num_0', 'num_9', 'num_35', 'num_78', 'num_38', 'num_10', 'num_41', 'num_72', 'num_59', 'num_24', 'num_28', 'num_91', 'num_3', 'num_13', 'num_16', 'num_36', 'num_34', 'num_77', 'num_11', 'num_87', 'num_66', 'num_74', 'num_32', 'num_27', 'num_85', 'num_25', 'num_84', 'num_19', 'num_23', 'num_57', 'num_61', 'num_37', 'num_76', 'num_98', 'num_58', 'num_40', 'num_89', 'num_69', 'num_47', 'num_70', 'num_50', 'num_68', 'num_21', 'num_97', 'num_73', 'num_39', 'num_75', 'num_55', 'num_18', 'num_96', 'num_54', 'num_56', 'num_52', 'num_82', 'num_46', 'num_93', 'num_8', 'num_42', 'num_49', 'num_92', 'num_14', 'num_63', 'num_5', 'num_65', 'num_67', 'num_4', 'num_7', 'num_22', 'num_100', 'num_62', 'num_71', 'num_86', 'num_90', 'num_12', 'num_15', 'num_94', 'num_99', 'num_83']",90.63608026504517,80,0.7148513117076265,112.71497106552124,0.7563709693672743,5.178831338882446
otto,2,PartialCorrelation,0.01,"['num_101', 'num_105', 'num_0', 'num_9', 'num_35', 'num_78', 'num_38', 'num_10', 'num_41', 'num_72', 'num_59', 'num_24', 'num_28', 'num_91', 'num_13', 'num_16', 'num_36', 'num_34', 'num_77', 'num_11', 'num_87', 'num_66', 'num_74', 'num_32', 'num_85', 'num_25', 'num_84', 'num_19', 'num_23', 'num_57', 'num_61', 'num_37', 'num_76', 'num_98', 'num_58', 'num_40', 'num_89', 'num_69', 'num_47', 'num_70', 'num_111', 'num_68', 'num_21', 'num_97', 'num_73', 'num_39', 'num_55', 'num_18', 'num_96', 'num_54', 'num_56', 'num_52', 'num_115', 'num_82', 'num_106', 'num_46', 'num_8', 'num_42', 'num_49', 'num_14', 'num_104', 'num_63', 'num_5', 'num_65', 'num_67', 'num_7', 'num_22', 'num_100', 'num_62', 'num_71', 'num_86', 'num_107', 'num_90', 'num_88', 'num_12', 'num_108', 'num_15', 'num_94', 'num_83']",126.20208024978638,79,0.7122351360042034,111.63213682174683,0.7596499795322144,4.976947546005249
otto,2,PartialCorrelation,0.05,"['num_101', 'num_105', 'num_0', 'num_9', 'num_110', 'num_35', 'num_78', 'num_38', 'num_10', 'num_41', 'num_72', 'num_59', 'num_24', 'num_28', 'num_91', 'num_13', 'num_16', 'num_36', 'num_34', 'num_77', 'num_11', 'num_114', 'num_87', 'num_66', 'num_74', 'num_32', 'num_27', 'num_85', 'num_25', 'num_84', 'num_19', 'num_23', 'num_57', 'num_61', 'num_37', 'num_76', 'num_98', 'num_58', 'num_40', 'num_89', 'num_69', 'num_47', 'num_70', 'num_111', 'num_30', 'num_68', 'num_21', 'num_97', 'num_73', 'num_39', 'num_75', 'num_55', 'num_18', 'num_96', 'num_54', 'num_56', 'num_52', 'num_115', 'num_82', 'num_106', 'num_46', 'num_93', 'num_8', 'num_42', 'num_49', 'num_14', 'num_104', 'num_63', 'num_5', 'num_65', 'num_67', 'num_7', 'num_22', 'num_100', 'num_62', 'num_71', 'num_86', 'num_107', 'num_90', 'num_88', 'num_12', 'num_108', 'num_15', 'num_94', 'num_83']",124.74375104904176,85,0.7125507604316454,115.07723546028137,0.7573655961512924,5.132683515548706
otto,2,PartialCorrelation,0.1,"['num_101', 'num_105', 'num_0', 'num_9', 'num_110', 'num_35', 'num_78', 'num_38', 'num_10', 'num_41', 'num_72', 'num_59', 'num_24', 'num_28', 'num_91', 'num_13', 'num_16', 'num_36', 'num_34', 'num_77', 'num_11', 'num_114', 'num_87', 'num_66', 'num_74', 'num_32', 'num_27', 'num_108', 'num_85', 'num_25', 'num_84', 'num_19', 'num_23', 'num_57', 'num_61', 'num_37', 'num_76', 'num_98', 'num_58', 'num_40', 'num_89', 'num_69', 'num_47', 'num_70', 'num_111', 'num_30', 'num_50', 'num_68', 'num_21', 'num_97', 'num_73', 'num_39', 'num_75', 'num_55', 'num_18', 'num_96', 'num_54', 'num_56', 'num_52', 'num_115', 'num_82', 'num_106', 'num_46', 'num_93', 'num_8', 'num_42', 'num_49', 'num_92', 'num_14', 'num_104', 'num_63', 'num_5', 'num_65', 'num_67', 'num_4', 'num_7', 'num_22', 'num_100', 'num_62', 'num_71', 'num_86', 'num_107', 'num_90', 'num_88', 'num_12', 'num_15', 'num_94', 'num_99', 'num_83']",125.96085929870604,89,0.715046352613955,115.54004549980164,0.7617110490654074,5.317906856536865
otto,3,PartialCorrelation,0.01,"['num_0', 'num_9', 'num_110', 'num_38', 'num_41', 'num_59', 'num_24', 'num_91', 'num_13', 'num_16', 'num_87', 'num_66', 'num_74', 'num_27', 'num_25', 'num_84', 'num_61', 'num_37', 'num_131', 'num_58', 'num_69', 'num_21', 'num_73', 'num_129', 'num_39', 'num_55', 'num_96', 'num_52', 'num_115', 'num_46', 'num_14', 'num_65', 'num_67', 'num_22', 'num_100', 'num_71', 'num_90', 'num_88', 'num_12', 'num_101', 'num_126', 'num_105', 'num_80', 'num_35', 'num_78', 'num_10', 'num_72', 'num_28', 'num_36', 'num_34', 'num_120', 'num_32', 'num_85', 'num_19', 'num_23', 'num_57', 'num_76', 'num_98', 'num_40', 'num_89', 'num_47', 'num_70', 'num_111', 'num_68', 'num_97', 'num_122', 'num_18', 'num_54', 'num_56', 'num_82', 'num_106', 'num_118', 'num_8', 'num_42', 'num_49', 'num_63', 'num_5', 'num_7', 'num_86', 'num_107', 'num_117', 'num_130', 'num_108', 'num_15', 'num_128', 'num_94']",132.2672073841095,86,0.712549179808203,114.35251951217651,0.7552383136256088,5.204940557479858
otto,3,PartialCorrelation,0.05,"['num_0', 'num_9', 'num_110', 'num_38', 'num_41', 'num_59', 'num_24', 'num_91', 'num_3', 'num_13', 'num_16', 'num_77', 'num_87', 'num_66', 'num_74', 'num_27', 'num_25', 'num_84', 'num_61', 'num_37', 'num_131', 'num_58', 'num_69', 'num_21', 'num_73', 'num_129', 'num_39', 'num_55', 'num_96', 'num_52', 'num_115', 'num_46', 'num_14', 'num_104', 'num_65', 'num_67', 'num_128', 'num_22', 'num_100', 'num_62', 'num_71', 'num_90', 'num_88', 'num_12', 'num_101', 'num_126', 'num_105', 'num_80', 'num_35', 'num_78', 'num_10', 'num_72', 'num_28', 'num_36', 'num_34', 'num_120', 'num_32', 'num_85', 'num_19', 'num_23', 'num_57', 'num_76', 'num_98', 'num_40', 'num_89', 'num_47', 'num_70', 'num_111', 'num_68', 'num_97', 'num_122', 'num_18', 'num_54', 'num_56', 'num_82', 'num_106', 'num_118', 'num_93', 'num_8', 'num_42', 'num_49', 'num_92', 'num_63', 'num_5', 'num_7', 'num_86', 'num_107', 'num_117', 'num_130', 'num_108', 'num_15', 'num_83', 'num_94']",132.85245442390442,93,0.7155102970399629,114.96648144721985,0.7580789340787057,5.709754705429077
otto,3,PartialCorrelation,0.1,"['num_0', 'num_9', 'num_110', 'num_38', 'num_41', 'num_59', 'num_24', 'num_91', 'num_3', 'num_13', 'num_16', 'num_77', 'num_11', 'num_87', 'num_45', 'num_66', 'num_74', 'num_27', 'num_108', 'num_25', 'num_84', 'num_61', 'num_37', 'num_131', 'num_58', 'num_69', 'num_50', 'num_21', 'num_73', 'num_129', 'num_39', 'num_75', 'num_55', 'num_96', 'num_52', 'num_115', 'num_124', 'num_46', 'num_14', 'num_104', 'num_65', 'num_67', 'num_128', 'num_22', 'num_100', 'num_62', 'num_71', 'num_90', 'num_88', 'num_12', 'num_101', 'num_126', 'num_105', 'num_80', 'num_35', 'num_78', 'num_10', 'num_72', 'num_28', 'num_36', 'num_34', 'num_120', 'num_32', 'num_85', 'num_19', 'num_23', 'num_57', 'num_76', 'num_98', 'num_40', 'num_89', 'num_47', 'num_70', 'num_111', 'num_68', 'num_97', 'num_122', 'num_18', 'num_54', 'num_56', 'num_82', 'num_106', 'num_118', 'num_93', 'num_8', 'num_42', 'num_49', 'num_92', 'num_63', 'num_5', 'num_4', 'num_7', 'num_86', 'num_107', 'num_117', 'num_130', 'num_15', 'num_83', 'num_94']",132.0827124118805,99,0.7143682689225909,119.60616183280945,0.758999087630927,5.533202171325684
